Row ID,Order ID,Order Date,Ship Date,Ship Mode,Customer ID,Customer Name,Segment,Country/Region,City,State,Postal Code,Region,Product ID,Category,Sub-Category,Product Name,Sales,Quantity,Discount,Profit
89,CA-2020-159695,2020-04-05,2020-04-10,Second Class,GM-14455,Gary Mitchum,Home Office,United States,Houston,Texas,77095,Central,OFF-ST-10003442,Office Supplies,Storage,Eldon Portable Mobile Manager,158.368,7,0.2,13.8572
324,CA-2020-162138,2020-04-23,2020-04-27,Standard Class,GK-14620,Grace Kelly,Corporate,United States,Hesperia,California,92345,West,OFF-BI-10004593,Office Supplies,Binders,Ibico Laser Imprintable Binding System Covers,251.52,6,0.2,81.744
325,CA-2020-162138,2020-04-23,2020-04-27,Standard Class,GK-14620,Grace Kelly,Corporate,United States,Hesperia,California,92345,West,TEC-AC-10001908,Technology,Accessories,Logitech Wireless Headset h800,99.99,1,0,34.9965
332,US-2020-150147,2020-04-25,2020-04-29,Second Class,JL-15850,John Lucas,Consumer,United States,Philadelphia,Pennsylvania,19134,East,TEC-PH-10004614,Technology,Phones,AT&T 841000 Phone,82.8,2,0.4,-20.7
333,US-2020-150147,2020-04-25,2020-04-29,Second Class,JL-15850,John Lucas,Consumer,United States,Philadelphia,Pennsylvania,19134,East,OFF-BI-10001153,Office Supplies,Binders,Ibico Recycled Grain-Textured Covers,20.724,2,0.7,-13.816
334,US-2020-150147,2020-04-25,2020-04-29,Second Class,JL-15850,John Lucas,Consumer,United States,Philadelphia,Pennsylvania,19134,East,OFF-BI-10001982,Office Supplies,Binders,Wilson Jones Custom Binder Spines & Labels,4.896,3,0.7,-3.4272
355,CA-2020-138520,2020-04-08,2020-04-13,Standard Class,JL-15505,Jeremy Lonsdale,Consumer,United States,New York City,New York,10035,East,FUR-BO-10002268,Furniture,Bookcases,Sauder Barrister Bookcases,388.704,6,0.2,-4.8588
356,CA-2020-138520,2020-04-08,2020-04-13,Standard Class,JL-15505,Jeremy Lonsdale,Consumer,United States,New York City,New York,10035,East,OFF-EN-10001137,Office Supplies,Envelopes,"#10 Gummed Flap White Envelopes, 100/Box",8.26,2,0,3.7996
357,CA-2020-138520,2020-04-08,2020-04-13,Standard Class,JL-15505,Jeremy Lonsdale,Consumer,United States,New York City,New York,10035,East,OFF-AR-10002399,Office Supplies,Art,"Dixon Prang Watercolor Pencils, 10-Color Set with Brush",17.04,4,0,6.9864
358,CA-2020-138520,2020-04-08,2020-04-13,Standard Class,JL-15505,Jeremy Lonsdale,Consumer,United States,New York City,New York,10035,East,OFF-PA-10002713,Office Supplies,Paper,"Adams Phone Message Book, 200 Message Capacity, 8 1/16"" x 11""",34.4,5,0,15.824
359,CA-2020-130001,2020-04-23,2020-04-28,Standard Class,HK-14890,Heather Kirkland,Corporate,United States,Charlotte,North Carolina,28205,South,OFF-PA-10002666,Office Supplies,Paper,Southworth 25% Cotton Linen-Finish Paper & Envelopes,36.24,5,0.2,11.325
418,CA-2020-148796,2020-04-14,2020-04-18,Standard Class,PB-19150,Philip Brown,Consumer,United States,Los Angeles,California,90004,West,FUR-CH-10004886,Furniture,Chairs,Bevis Steel Folding Chairs,383.8,5,0.2,38.38
430,US-2020-123750,2020-04-15,2020-04-21,Standard Class,RB-19795,Ross Baird,Home Office,United States,Gastonia,North Carolina,28052,South,OFF-BI-10004584,Office Supplies,Binders,GBC ProClick 150 Presentation Binding System,189.588,2,0.7,-145.3508
431,US-2020-123750,2020-04-15,2020-04-21,Standard Class,RB-19795,Ross Baird,Home Office,United States,Gastonia,North Carolina,28052,South,TEC-AC-10004659,Technology,Accessories,Imation Secure+ Hardware Encrypted USB 2.0 Flash Drive; 16GB,408.744,7,0.2,76.6395
432,US-2020-123750,2020-04-15,2020-04-21,Standard Class,RB-19795,Ross Baird,Home Office,United States,Gastonia,North Carolina,28052,South,TEC-AC-10004659,Technology,Accessories,Imation Secure+ Hardware Encrypted USB 2.0 Flash Drive; 16GB,291.96,5,0.2,54.7425
433,US-2020-123750,2020-04-15,2020-04-21,Standard Class,RB-19795,Ross Baird,Home Office,United States,Gastonia,North Carolina,28052,South,OFF-ST-10000617,Office Supplies,Storage,Woodgrain Magazine Files by Perma,4.768,2,0.2,-0.774800000000001
448,CA-2020-166674,2020-04-01,2020-04-03,Second Class,RB-19360,Raymond Buch,Consumer,United States,Auburn,New York,13021,East,OFF-AR-10000588,Office Supplies,Art,Newell 345,59.52,3,0,15.4752
449,CA-2020-166674,2020-04-01,2020-04-03,Second Class,RB-19360,Raymond Buch,Consumer,United States,Auburn,New York,13021,East,OFF-ST-10001469,Office Supplies,Storage,Fellowes Bankers Box Recycled Super Stor/Drawer,161.94,3,0,9.71639999999999
450,CA-2020-166674,2020-04-01,2020-04-03,Second Class,RB-19360,Raymond Buch,Consumer,United States,Auburn,New York,13021,East,OFF-AR-10001953,Office Supplies,Art,Boston 1645 Deluxe Heavier-Duty Electric Pencil Sharpener,263.88,6,0,71.2476
451,CA-2020-166674,2020-04-01,2020-04-03,Second Class,RB-19360,Raymond Buch,Consumer,United States,Auburn,New York,13021,East,OFF-AR-10003156,Office Supplies,Art,50 Colored Long Pencils,30.48,3,0,7.9248
452,CA-2020-166674,2020-04-01,2020-04-03,Second Class,RB-19360,Raymond Buch,Consumer,United States,Auburn,New York,13021,East,OFF-AR-10004974,Office Supplies,Art,Newell 342,9.84,3,0,2.8536
453,CA-2020-166674,2020-04-01,2020-04-03,Second Class,RB-19360,Raymond Buch,Consumer,United States,Auburn,New York,13021,East,TEC-PH-10002365,Technology,Phones,Belkin Grip Candy Sheer Case / Cover for iPhone 5 and 5S,35.12,4,0,9.1312
463,CA-2020-109869,2020-04-22,2020-04-29,Standard Class,TN-21040,Tanja Norvell,Home Office,United States,Phoenix,Arizona,85023,West,FUR-FU-10000023,Furniture,Furnishings,Eldon Wave Desk Accessories,23.56,5,0.2,7.068
464,CA-2020-109869,2020-04-22,2020-04-29,Standard Class,TN-21040,Tanja Norvell,Home Office,United States,Phoenix,Arizona,85023,West,FUR-TA-10001889,Furniture,Tables,Bush Advantage Collection Racetrack Conference Table,1272.63,6,0.5,-814.4832
465,CA-2020-109869,2020-04-22,2020-04-29,Standard Class,TN-21040,Tanja Norvell,Home Office,United States,Phoenix,Arizona,85023,West,OFF-BI-10000315,Office Supplies,Binders,Poly Designer Cover & Back,28.485,5,0.7,-20.889
466,CA-2020-109869,2020-04-22,2020-04-29,Standard Class,TN-21040,Tanja Norvell,Home Office,United States,Phoenix,Arizona,85023,West,OFF-SU-10003505,Office Supplies,Supplies,Premier Electric Letter Opener,185.376,2,0.2,-34.758
467,CA-2020-109869,2020-04-22,2020-04-29,Standard Class,TN-21040,Tanja Norvell,Home Office,United States,Phoenix,Arizona,85023,West,OFF-AP-10002578,Office Supplies,Appliances,"Fellowes Premier Superior Surge Suppressor, 10-Outlet, With Phone and Remote",78.272,2,0.2,5.8704
552,CA-2020-136406,2020-04-15,2020-04-17,Second Class,BD-11320,Bill Donatelli,Consumer,United States,San Francisco,California,94110,West,FUR-CH-10002024,Furniture,Chairs,HON 5400 Series Task Chairs for Big and Tall,1121.568,2,0.2,0
611,CA-2020-161816,2020-04-28,2020-05-01,First Class,NB-18655,Nona Balk,Corporate,United States,Dallas,Texas,75217,Central,TEC-PH-10003012,Technology,Phones,Nortel Meridian M3904 Professional Digital phone,369.576,3,0.2,41.5773
612,CA-2020-161816,2020-04-28,2020-05-01,First Class,NB-18655,Nona Balk,Corporate,United States,Dallas,Texas,75217,Central,OFF-LA-10004345,Office Supplies,Labels,Avery 493,15.712,4,0.2,5.6956
647,CA-2020-103947,2020-04-01,2020-04-08,Standard Class,BB-10990,Barry Blumstein,Corporate,United States,Sierra Vista,Arizona,85635,West,OFF-FA-10003112,Office Supplies,Fasteners,Staples,31.56,5,0.2,9.8625
648,CA-2020-103947,2020-04-01,2020-04-08,Standard Class,BB-10990,Barry Blumstein,Corporate,United States,Sierra Vista,Arizona,85635,West,OFF-AP-10002350,Office Supplies,Appliances,Belkin F9H710-06 7 Outlet SurgeMaster Surge Protector,30.144,2,0.2,3.0144
754,CA-2020-110499,2020-04-07,2020-04-09,First Class,YC-21895,Yoseph Carroll,Corporate,United States,San Francisco,California,94110,West,TEC-CO-10002095,Technology,Copiers,Hewlett Packard 610 Color Digital Copier / Printer,1199.976,3,0.2,374.9925
900,US-2020-114622,2020-04-10,2020-04-12,First Class,JR-16210,Justin Ritter,Corporate,United States,Springfield,Ohio,45503,East,OFF-BI-10004716,Office Supplies,Binders,Wilson Jones Hanging Recycled Pressboard Data Binders,8.904,2,0.7,-6.5296
904,CA-2020-130477,2020-04-08,2020-04-12,Standard Class,LC-17140,Logan Currie,Consumer,United States,Los Angeles,California,90032,West,OFF-PA-10002947,Office Supplies,Paper,Xerox 1923,20.04,3,0,9.6192
905,CA-2020-130477,2020-04-08,2020-04-12,Standard Class,LC-17140,Logan Currie,Consumer,United States,Los Angeles,California,90032,West,OFF-ST-10002583,Office Supplies,Storage,Fellowes Neat Ideas Storage Cubes,64.96,2,0,2.5984
906,CA-2020-130477,2020-04-08,2020-04-12,Standard Class,LC-17140,Logan Currie,Consumer,United States,Los Angeles,California,90032,West,OFF-PA-10000019,Office Supplies,Paper,Xerox 1931,12.96,2,0,6.2208
1037,CA-2020-113061,2020-04-22,2020-04-26,Standard Class,EL-13735,Ed Ludwig,Home Office,United States,Jefferson City,Missouri,65109,Central,FUR-FU-10003975,Furniture,Furnishings,Eldon Advantage Chair Mats for Low to Medium Pile Carpets,86.62,2,0,8.66199999999999
1072,CA-2020-152814,2020-04-28,2020-05-02,Standard Class,EH-14005,Erica Hernandez,Home Office,United States,Denver,Colorado,80219,West,OFF-PA-10001970,Office Supplies,Paper,Xerox 1881,29.472,3,0.2,9.9468
1130,CA-2020-112102,2020-04-12,2020-04-16,Standard Class,BD-11605,Brian Dahlen,Consumer,United States,Springfield,Virginia,22153,South,FUR-TA-10004086,Furniture,Tables,KI Adjustable-Height Table,343.92,4,0,75.6624
1131,CA-2020-112102,2020-04-12,2020-04-16,Standard Class,BD-11605,Brian Dahlen,Consumer,United States,Springfield,Virginia,22153,South,OFF-PA-10000100,Office Supplies,Paper,Xerox 1945,40.99,1,0,20.0851
1132,CA-2020-112102,2020-04-12,2020-04-16,Standard Class,BD-11605,Brian Dahlen,Consumer,United States,Springfield,Virginia,22153,South,OFF-EN-10002500,Office Supplies,Envelopes,Globe Weis Peel & Seel First Class Envelopes,63.9,5,0,28.755
1180,CA-2020-168081,2020-04-24,2020-04-27,Second Class,CA-12055,Cathy Armstrong,Home Office,United States,Houston,Texas,77070,Central,TEC-AC-10003174,Technology,Accessories,Plantronics S12 Corded Telephone Headset System,258.696,3,0.2,64.674
1198,CA-2020-130946,2020-04-08,2020-04-12,Standard Class,ZC-21910,Zuschuss Carroll,Consumer,United States,Houston,Texas,77041,Central,TEC-AC-10001990,Technology,Accessories,Kensington Orbit Wireless Mobile Trackball for PC and Mac,431.928,9,0.2,64.7892
1199,CA-2020-130946,2020-04-08,2020-04-12,Standard Class,ZC-21910,Zuschuss Carroll,Consumer,United States,Houston,Texas,77041,Central,FUR-CH-10004540,Furniture,Chairs,Global Chrome Stack Chair,95.984,4,0.3,-4.1136
1200,CA-2020-130946,2020-04-08,2020-04-12,Standard Class,ZC-21910,Zuschuss Carroll,Consumer,United States,Houston,Texas,77041,Central,OFF-BI-10004995,Office Supplies,Binders,GBC DocuBind P400 Electric Binding System,1088.792,4,0.8,-1850.9464
1271,US-2020-103646,2020-04-21,2020-04-26,Standard Class,SP-20545,Sibella Parks,Corporate,United States,Chicago,Illinois,60623,Central,OFF-ST-10000563,Office Supplies,Storage,Fellowes Bankers Box Stor/Drawer Steel Plus,102.336,4,0.2,-12.792
1272,US-2020-103646,2020-04-21,2020-04-26,Standard Class,SP-20545,Sibella Parks,Corporate,United States,Chicago,Illinois,60623,Central,OFF-AP-10004487,Office Supplies,Appliances,Kensington 4 Outlet MasterPiece Compact Power Control Center,48.792,3,0.8,-126.8592
1273,US-2020-103646,2020-04-21,2020-04-26,Standard Class,SP-20545,Sibella Parks,Corporate,United States,Chicago,Illinois,60623,Central,OFF-BI-10002854,Office Supplies,Binders,"Performers Binder/Pad Holder, Black",44.848,8,0.8,-67.272
1403,US-2020-161396,2020-04-19,2020-04-25,Standard Class,GM-14455,Gary Mitchum,Home Office,United States,Columbus,Ohio,43229,East,FUR-TA-10002622,Furniture,Tables,"Bush Andora Conference Table, Maple/Graphite Gray Finish",205.176,2,0.4,-58.1332
1404,US-2020-161396,2020-04-19,2020-04-25,Standard Class,GM-14455,Gary Mitchum,Home Office,United States,Columbus,Ohio,43229,East,OFF-PA-10000418,Office Supplies,Paper,Xerox 189,419.4,5,0.2,146.79
1560,CA-2020-126809,2020-04-09,2020-04-13,Standard Class,EB-13750,Edward Becker,Corporate,United States,Seattle,Washington,98103,West,OFF-BI-10003712,Office Supplies,Binders,"Acco Pressboard Covers with Storage Hooks, 14 7/8"" x 11"", Light Blue",35.352,9,0.2,12.8151
1577,CA-2020-109057,2020-04-22,2020-04-27,Standard Class,TT-21460,Tonja Turnell,Home Office,United States,Aurora,Illinois,60505,Central,OFF-ST-10002406,Office Supplies,Storage,Pizazz Global Quick File,23.952,2,0.2,2.3952
1591,US-2020-132423,2020-04-15,2020-04-19,Standard Class,MY-18295,Muhammed Yedwab,Corporate,United States,Grapevine,Texas,76051,Central,OFF-AR-10001221,Office Supplies,Art,"Dixon Ticonderoga Erasable Colored Pencil Set, 12-Color",33.488,7,0.2,5.8604
1592,US-2020-132423,2020-04-15,2020-04-19,Standard Class,MY-18295,Muhammed Yedwab,Corporate,United States,Grapevine,Texas,76051,Central,OFF-FA-10002988,Office Supplies,Fasteners,Ideal Clamps,8.04,5,0.2,2.9145
1605,US-2020-115819,2020-04-19,2020-04-24,Second Class,JO-15280,"Jas O'Carroll",Consumer,United States,Los Angeles,California,90049,West,TEC-PH-10004700,Technology,Phones,PowerGen Dual USB Car Charger,39.96,5,0.2,12.987
1606,US-2020-115819,2020-04-19,2020-04-24,Second Class,JO-15280,"Jas O'Carroll",Consumer,United States,Los Angeles,California,90049,West,OFF-AR-10000823,Office Supplies,Art,Newell 307,5.46,3,0,1.5288
1607,US-2020-115819,2020-04-19,2020-04-24,Second Class,JO-15280,"Jas O'Carroll",Consumer,United States,Los Angeles,California,90049,West,OFF-AR-10004456,Office Supplies,Art,Panasonic KP-4ABK Battery-Operated Pencil Sharpener,73.2,5,0,21.228
1608,US-2020-115819,2020-04-19,2020-04-24,Second Class,JO-15280,"Jas O'Carroll",Consumer,United States,Los Angeles,California,90049,West,OFF-BI-10000050,Office Supplies,Binders,"Angle-D Binders with Locking Rings, Label Holders",5.84,1,0.2,1.971
1609,US-2020-115819,2020-04-19,2020-04-24,Second Class,JO-15280,"Jas O'Carroll",Consumer,United States,Los Angeles,California,90049,West,OFF-PA-10002377,Office Supplies,Paper,"Adams Telephone Message Book W/Dividers/Space For Phone Numbers, 5 1/4""X8 1/2"", 200/Messages",22.72,4,0,10.224
1610,US-2020-115819,2020-04-19,2020-04-24,Second Class,JO-15280,"Jas O'Carroll",Consumer,United States,Los Angeles,California,90049,West,OFF-BI-10000591,Office Supplies,Binders,Avery Binder Labels,9.336,3,0.2,3.2676
1716,CA-2020-154788,2020-04-30,2020-05-04,Standard Class,JL-15835,John Lee,Consumer,United States,New York City,New York,10011,East,OFF-BI-10003314,Office Supplies,Binders,Tuff Stuff Recycled Round Ring Binders,7.712,2,0.2,2.7956
1886,CA-2020-147578,2020-04-22,2020-04-26,Second Class,PG-18895,Paul Gonzalez,Consumer,United States,San Francisco,California,94122,West,FUR-FU-10001889,Furniture,Furnishings,Ultra Door Pull Handle,31.56,3,0,10.4148
1980,CA-2020-112669,2020-04-14,2020-04-14,Same Day,KT-16465,Kean Takahito,Consumer,United States,Glendale,Arizona,85301,West,FUR-CH-10004086,Furniture,Chairs,Hon 4070 Series Pagoda Armless Upholstered Stacking Chairs,933.536,4,0.2,105.0228
1981,CA-2020-112669,2020-04-14,2020-04-14,Same Day,KT-16465,Kean Takahito,Consumer,United States,Glendale,Arizona,85301,West,OFF-ST-10001228,Office Supplies,Storage,"Fellowes Personal Hanging Folder Files, Navy",42.976,4,0.2,4.2976
2155,US-2020-120460,2020-04-30,2020-05-05,Standard Class,BF-11170,Ben Ferrer,Home Office,United States,Dallas,Texas,75081,Central,FUR-FU-10004973,Furniture,Furnishings,Flat Face Poster Frame,22.608,3,0.6,-10.1736
2253,CA-2020-117849,2020-04-15,2020-04-17,Second Class,JK-16120,Julie Kriz,Home Office,United States,San Diego,California,92105,West,OFF-PA-10004327,Office Supplies,Paper,Xerox 1911,143.7,3,0,68.976
2422,CA-2020-155551,2020-04-18,2020-04-23,Standard Class,CR-12580,Clay Rozendal,Home Office,United States,Elmhurst,Illinois,60126,Central,OFF-ST-10003656,Office Supplies,Storage,Safco Industrial Wire Shelving,230.376,3,0.2,-48.9549
2423,CA-2020-155551,2020-04-18,2020-04-23,Standard Class,CR-12580,Clay Rozendal,Home Office,United States,Elmhurst,Illinois,60126,Central,OFF-PA-10001560,Office Supplies,Paper,"Adams Telephone Message Books, 5 1/4"" x 11""",9.664,2,0.2,3.2616
2542,CA-2020-144792,2020-04-30,2020-05-04,Standard Class,KD-16615,Ken Dana,Corporate,United States,Scottsdale,Arizona,85254,West,FUR-FU-10002759,Furniture,Furnishings,12-1/2 Diameter Round Wall Clock,111.888,7,0.2,22.3776
2614,CA-2020-137204,2020-04-28,2020-05-05,Standard Class,BO-11350,Bill Overfelt,Corporate,United States,Los Angeles,California,90045,West,FUR-CH-10002304,Furniture,Chairs,"Global Stack Chair without Arms, Black",41.568,2,0.2,2.598
2644,CA-2020-149111,2020-04-17,2020-04-21,Second Class,BF-11170,Ben Ferrer,Home Office,United States,Raleigh,North Carolina,27604,South,TEC-PH-10003092,Technology,Phones,Motorola L804,36.792,1,0.2,4.1391
2645,CA-2020-149111,2020-04-17,2020-04-21,Second Class,BF-11170,Ben Ferrer,Home Office,United States,Raleigh,North Carolina,27604,South,FUR-FU-10000206,Furniture,Furnishings,"GE General Purpose, Extra Long Life, Showcase & Floodlight Incandescent Bulbs",18.624,8,0.2,6.2856
2723,CA-2020-164735,2020-04-14,2020-04-19,Second Class,TB-21400,Tom Boeckenhauer,Consumer,United States,Alexandria,Virginia,22304,South,OFF-ST-10001558,Office Supplies,Storage,Acco Perma 4000 Stacking Storage Drawers,81.2,5,0,12.18
2829,CA-2020-124149,2020-04-23,2020-04-26,First Class,MJ-17740,Max Jones,Consumer,United States,Lancaster,Ohio,43130,East,OFF-PA-10002421,Office Supplies,Paper,Embossed Ink Jet Note Cards,108.336,6,0.2,37.9176
2830,CA-2020-124149,2020-04-23,2020-04-26,First Class,MJ-17740,Max Jones,Consumer,United States,Lancaster,Ohio,43130,East,OFF-ST-10000760,Office Supplies,Storage,"Eldon Fold 'N Roll Cart System",55.92,5,0.2,6.291
2831,CA-2020-124149,2020-04-23,2020-04-26,First Class,MJ-17740,Max Jones,Consumer,United States,Lancaster,Ohio,43130,East,OFF-PA-10002923,Office Supplies,Paper,Xerox 1942,78.304,2,0.2,29.364
3054,CA-2020-128517,2020-04-09,2020-04-14,Second Class,SW-20350,Sean Wendt,Home Office,United States,Detroit,Michigan,48227,Central,TEC-PH-10002555,Technology,Phones,Nortel Meridian M5316 Digital phone,517.9,2,0,134.654
3055,CA-2020-128517,2020-04-09,2020-04-14,Second Class,SW-20350,Sean Wendt,Home Office,United States,Detroit,Michigan,48227,Central,OFF-BI-10000831,Office Supplies,Binders,Storex Flexible Poly Binders with Double Pockets,5.28,2,0,2.4288
3235,CA-2020-138933,2020-04-24,2020-04-27,First Class,JL-15130,Jack Lebron,Consumer,United States,Riverside,California,92503,West,OFF-BI-10003355,Office Supplies,Binders,Cardinal Holdit Business Card Pockets,3.984,1,0.2,1.3944
3673,CA-2020-104969,2020-04-08,2020-04-14,Standard Class,EH-14125,Eugene Hildebrand,Home Office,United States,Troy,Ohio,45373,East,OFF-EN-10002312,Office Supplies,Envelopes,#10 Self-Seal White Envelopes,8.872,1,0.2,3.2161
3674,CA-2020-104969,2020-04-08,2020-04-14,Standard Class,EH-14125,Eugene Hildebrand,Home Office,United States,Troy,Ohio,45373,East,OFF-BI-10004224,Office Supplies,Binders,Catalog Binders with Expanding Posts,121.104,6,0.7,-100.92
3790,US-2020-133508,2020-04-17,2020-04-21,Standard Class,SW-20350,Sean Wendt,Home Office,United States,Omaha,Nebraska,68104,Central,OFF-FA-10000134,Office Supplies,Fasteners,"Advantus Push Pins, Aluminum Head",29.05,5,0,9.0055
3967,CA-2020-149902,2020-04-01,2020-04-06,Standard Class,DW-13540,Don Weiss,Consumer,United States,New York City,New York,10024,East,OFF-AR-10002956,Office Supplies,Art,Boston 16801 Nautilus Battery Pencil Sharpener,88.04,4,0,22.8904
3986,CA-2020-108735,2020-04-17,2020-04-21,Standard Class,JM-15535,Jessica Myrick,Consumer,United States,Lakewood,California,90712,West,FUR-BO-10003441,Furniture,Bookcases,"Bush Westfield Collection Bookcases, Fully Assembled",257.499,3,0.15,24.2352
3989,US-2020-159415,2020-04-17,2020-04-22,Standard Class,CS-12175,Charles Sheldon,Corporate,United States,Columbia,Tennessee,38401,South,FUR-FU-10003798,Furniture,Furnishings,"Ultra Door Kickplate, 8""H x 34""W",79.12,5,0.2,13.846
4090,CA-2020-161473,2020-04-01,2020-04-05,Standard Class,TB-21175,Thomas Boland,Corporate,United States,New York City,New York,10035,East,OFF-LA-10001297,Office Supplies,Labels,Avery 473,20.7,2,0,9.936
4091,CA-2020-161473,2020-04-01,2020-04-05,Standard Class,TB-21175,Thomas Boland,Corporate,United States,New York City,New York,10035,East,OFF-SU-10001574,Office Supplies,Supplies,Acme Value Line Scissors,10.95,3,0,3.285
4092,CA-2020-161473,2020-04-01,2020-04-05,Standard Class,TB-21175,Thomas Boland,Corporate,United States,New York City,New York,10035,East,OFF-BI-10003305,Office Supplies,Binders,Avery Hanging File Binders,14.352,3,0.2,4.6644
4160,US-2020-164588,2020-04-16,2020-04-23,Standard Class,AP-10915,Arthur Prichep,Consumer,United States,Columbus,Georgia,31907,South,OFF-AR-10003056,Office Supplies,Art,Newell 341,12.84,3,0,3.7236
4196,CA-2020-124233,2020-04-08,2020-04-14,Standard Class,CK-12595,Clytie Kelty,Consumer,United States,Los Angeles,California,90032,West,FUR-FU-10002597,Furniture,Furnishings,"C-Line Magnetic Cubicle Keepers, Clear Polypropylene",24.7,5,0,10.374
4243,CA-2020-159142,2020-04-04,2020-04-05,First Class,ME-17320,Maria Etezadi,Home Office,United States,Springfield,Virginia,22153,South,TEC-PH-10001448,Technology,Phones,Anker Astro 15000mAh USB Portable Charger,149.97,3,0,5.99879999999998
4244,CA-2020-159142,2020-04-04,2020-04-05,First Class,ME-17320,Maria Etezadi,Home Office,United States,Springfield,Virginia,22153,South,OFF-PA-10001776,Office Supplies,Paper,"Wirebound Message Books, Four 2 3/4"" x 5"" Forms per Page, 600 Sets per Book",27.81,3,0,13.0707
4278,US-2020-107440,2020-04-16,2020-04-20,Standard Class,BS-11365,Bill Shonely,Corporate,United States,Lakewood,New Jersey,8701,East,TEC-MA-10001047,Technology,Machines,"3D Systems Cube Printer, 2nd Generation, Magenta",9099.93,7,0,2365.9818
4279,US-2020-107440,2020-04-16,2020-04-20,Standard Class,BS-11365,Bill Shonely,Corporate,United States,Lakewood,New Jersey,8701,East,FUR-FU-10000550,Furniture,Furnishings,Stacking Trays by OIC,9.96,2,0,3.2868
4280,US-2020-107440,2020-04-16,2020-04-20,Standard Class,BS-11365,Bill Shonely,Corporate,United States,Lakewood,New Jersey,8701,East,OFF-BI-10002432,Office Supplies,Binders,Wilson Jones Standard D-Ring Binders,25.3,5,0,11.891
4500,CA-2020-124814,2020-04-10,2020-04-16,Standard Class,FM-14215,Filia McAdams,Corporate,United States,Bakersfield,California,93309,West,OFF-PA-10002787,Office Supplies,Paper,Xerox 227,12.96,2,0,6.2208
4501,CA-2020-124814,2020-04-10,2020-04-16,Standard Class,FM-14215,Filia McAdams,Corporate,United States,Bakersfield,California,93309,West,OFF-BI-10000174,Office Supplies,Binders,"Wilson Jones Clip & Carry Folder Binder Tool for Ring Binders, Clear",23.2,5,0.2,8.12
4648,CA-2020-139556,2020-04-26,2020-05-01,Standard Class,DB-13360,Dennis Bolton,Home Office,United States,New York City,New York,10009,East,FUR-CH-10004983,Furniture,Chairs,Office Star - Mid Back Dual function Ergonomic High Back Chair with 2-Way Adjustable Arms,434.646,3,0.1,62.7822
4735,CA-2020-120530,2020-04-07,2020-04-12,Standard Class,Dl-13600,Dorris liebe,Corporate,United States,New York City,New York,10035,East,FUR-CH-10000454,Furniture,Chairs,"Hon Deluxe Fabric Upholstered Stacking Chairs, Rounded Back",658.746,3,0.1,146.388
4987,CA-2020-149279,2020-04-24,2020-04-28,Standard Class,CL-12700,Craig Leslie,Home Office,United States,Colorado Springs,Colorado,80906,West,OFF-PA-10003441,Office Supplies,Paper,Xerox 226,15.552,3,0.2,5.4432
4988,CA-2020-149279,2020-04-24,2020-04-28,Standard Class,CL-12700,Craig Leslie,Home Office,United States,Colorado Springs,Colorado,80906,West,FUR-CH-10004287,Furniture,Chairs,SAFCO Arco Folding Chair,1325.76,6,0.2,149.148
4989,CA-2020-149279,2020-04-24,2020-04-28,Standard Class,CL-12700,Craig Leslie,Home Office,United States,Colorado Springs,Colorado,80906,West,OFF-BI-10004040,Office Supplies,Binders,Wilson Jones Impact Binders,3.108,2,0.7,-2.1756
5059,CA-2020-120796,2020-04-03,2020-04-07,Standard Class,CS-11950,Carlos Soltero,Consumer,United States,Philadelphia,Pennsylvania,19140,East,OFF-BI-10004330,Office Supplies,Binders,"GBC Velobind Prepunched Cover Sets, Regency Series",99.846,9,0.7,-83.205
5142,CA-2020-111213,2020-04-01,2020-04-05,Standard Class,FP-14320,Frank Preis,Consumer,United States,New York City,New York,10009,East,FUR-CH-10000454,Furniture,Chairs,"Hon Deluxe Fabric Upholstered Stacking Chairs, Rounded Back",1317.492,6,0.1,292.776
5143,CA-2020-111213,2020-04-01,2020-04-05,Standard Class,FP-14320,Frank Preis,Consumer,United States,New York City,New York,10009,East,OFF-SU-10000946,Office Supplies,Supplies,Staple remover,63.84,8,0,18.5136
5144,CA-2020-111213,2020-04-01,2020-04-05,Standard Class,FP-14320,Frank Preis,Consumer,United States,New York City,New York,10009,East,OFF-BI-10004140,Office Supplies,Binders,Avery Non-Stick Binders,3.592,1,0.2,1.1225
5400,CA-2020-117681,2020-04-09,2020-04-14,Standard Class,HF-14995,Herbert Flentye,Consumer,United States,Los Angeles,California,90004,West,FUR-BO-10001798,Furniture,Bookcases,Bush Somerset Collection Bookcase,556.665,5,0.15,6.54900000000002
5440,CA-2020-167115,2020-04-04,2020-04-09,Standard Class,EH-14185,Evan Henry,Consumer,United States,New York City,New York,10035,East,OFF-BI-10004600,Office Supplies,Binders,Ibico Ibimaster 300 Manual Binding System,588.784,2,0.2,183.995
5508,CA-2020-150000,2020-04-08,2020-04-14,Standard Class,PG-18820,Patrick Gardner,Consumer,United States,Smyrna,Georgia,30080,South,OFF-EN-10002973,Office Supplies,Envelopes,Ampad #10 Peel & Seel Holiday Envelopes,17.92,4,0,8.6016
5643,CA-2020-127985,2020-04-01,2020-04-05,Second Class,DB-12910,Daniel Byrd,Home Office,United States,Columbus,Georgia,31907,South,FUR-FU-10003274,Furniture,Furnishings,Regeneration Desk Collection,7.04,4,0,3.0976
5775,CA-2020-142398,2020-04-12,2020-04-16,Standard Class,BP-11290,Beth Paige,Consumer,United States,Los Angeles,California,90036,West,FUR-CH-10001545,Furniture,Chairs,Hon Comfortask Task/Swivel Chairs,638.288,7,0.2,-31.9144
5776,CA-2020-142398,2020-04-12,2020-04-16,Standard Class,BP-11290,Beth Paige,Consumer,United States,Los Angeles,California,90036,West,OFF-BI-10004826,Office Supplies,Binders,JM Magazine Binder,13.208,1,0.2,4.6228
5890,CA-2020-166625,2020-04-14,2020-04-17,First Class,JM-15580,Jill Matthias,Consumer,United States,Baltimore,Maryland,21215,East,OFF-BI-10002414,Office Supplies,Binders,GBC ProClick Spines for 32-Hole Punch,25.06,2,0,11.7782
5898,CA-2020-167682,2020-04-03,2020-04-09,Standard Class,ZD-21925,Zuschuss Donatelli,Consumer,United States,Richmond,Indiana,47374,Central,FUR-FU-10003799,Furniture,Furnishings,"Seth Thomas 13 1/2"" Wall Clock",71.12,4,0,22.0472
5899,CA-2020-167682,2020-04-03,2020-04-09,Standard Class,ZD-21925,Zuschuss Donatelli,Consumer,United States,Richmond,Indiana,47374,Central,TEC-PH-10000673,Technology,Phones,Plantronics Voyager Pro HD - Bluetooth Headset,259.96,4,0,124.7808
6151,US-2020-106600,2020-04-08,2020-04-11,First Class,RM-19375,Raymond Messe,Consumer,United States,Columbus,Georgia,31907,South,FUR-BO-10001608,Furniture,Bookcases,"Hon Metal Bookcases, Black",354.9,5,0,88.725
6717,CA-2020-134789,2020-04-08,2020-04-15,Standard Class,CK-12325,Christine Kargatis,Home Office,United States,Hot Springs,Arkansas,71901,South,OFF-FA-10002280,Office Supplies,Fasteners,Advantus Plastic Paper Clips,30,6,0,14.4
6718,CA-2020-134789,2020-04-08,2020-04-15,Standard Class,CK-12325,Christine Kargatis,Home Office,United States,Hot Springs,Arkansas,71901,South,OFF-PA-10001934,Office Supplies,Paper,Xerox 1993,25.92,4,0,12.7008
6719,CA-2020-134789,2020-04-08,2020-04-15,Standard Class,CK-12325,Christine Kargatis,Home Office,United States,Hot Springs,Arkansas,71901,South,FUR-FU-10003268,Furniture,Furnishings,Eldon Radial Chair Mat for Low to Medium Pile Carpets,159.92,4,0,31.984
6736,CA-2020-123358,2020-04-10,2020-04-17,Standard Class,BT-11680,Brian Thompson,Consumer,United States,San Francisco,California,94122,West,OFF-AP-10004980,Office Supplies,Appliances,"3M Replacement Filter for Office Air Cleaner for 20' x 33' Room",113.76,3,0,44.3664
6737,CA-2020-123358,2020-04-10,2020-04-17,Standard Class,BT-11680,Brian Thompson,Consumer,United States,San Francisco,California,94122,West,OFF-ST-10001932,Office Supplies,Storage,Fellowes Staxonsteel Drawer Files,579.51,3,0,81.1314
6738,CA-2020-123358,2020-04-10,2020-04-17,Standard Class,BT-11680,Brian Thompson,Consumer,United States,San Francisco,California,94122,West,OFF-ST-10000636,Office Supplies,Storage,Rogers Profile Extra Capacity Storage Tub,150.66,9,0,6.02639999999999
6739,CA-2020-123358,2020-04-10,2020-04-17,Standard Class,BT-11680,Brian Thompson,Consumer,United States,San Francisco,California,94122,West,OFF-BI-10000069,Office Supplies,Binders,"GBC Prepunched Paper, 19-Hole, for Binding Systems, 24-lb",48.032,4,0.2,15.6104
6919,CA-2020-105473,2020-04-16,2020-04-18,Second Class,BM-11785,Bryan Mills,Consumer,United States,Seattle,Washington,98115,West,OFF-SU-10003567,Office Supplies,Supplies,Stiletto Hand Letter Openers,28.8,3,0,0.864000000000001
7108,CA-2020-109666,2020-04-19,2020-04-26,Standard Class,KM-16720,Kunst Miller,Consumer,United States,New York City,New York,10035,East,TEC-PH-10004774,Technology,Phones,Gear Head AU3700S Headset,25.98,2,0,0.779399999999999
7109,CA-2020-109666,2020-04-19,2020-04-26,Standard Class,KM-16720,Kunst Miller,Consumer,United States,New York City,New York,10035,East,OFF-AR-10004582,Office Supplies,Art,BIC Brite Liner Grip Highlighters,3.28,2,0,1.476
7110,CA-2020-109666,2020-04-19,2020-04-26,Standard Class,KM-16720,Kunst Miller,Consumer,United States,New York City,New York,10035,East,OFF-ST-10000991,Office Supplies,Storage,Space Solutions HD Industrial Steel Shelving.,459.88,4,0,13.7964
7111,CA-2020-109666,2020-04-19,2020-04-26,Standard Class,KM-16720,Kunst Miller,Consumer,United States,New York City,New York,10035,East,OFF-SU-10002522,Office Supplies,Supplies,Acme Kleen Earth Office Shears,7.76,2,0,2.2504
7112,CA-2020-109666,2020-04-19,2020-04-26,Standard Class,KM-16720,Kunst Miller,Consumer,United States,New York City,New York,10035,East,OFF-AR-10004022,Office Supplies,Art,Panasonic KP-380BK Classic Electric Pencil Sharpener,71.96,2,0,17.99
7113,CA-2020-109666,2020-04-19,2020-04-26,Standard Class,KM-16720,Kunst Miller,Consumer,United States,New York City,New York,10035,East,OFF-SU-10001218,Office Supplies,Supplies,Fiskars Softgrip Scissors,54.9,5,0,15.372
7114,CA-2020-109666,2020-04-19,2020-04-26,Standard Class,KM-16720,Kunst Miller,Consumer,United States,New York City,New York,10035,East,OFF-BI-10000174,Office Supplies,Binders,"Wilson Jones Clip & Carry Folder Binder Tool for Ring Binders, Clear",9.28,2,0.2,3.248
7130,CA-2020-166282,2020-04-16,2020-04-22,Standard Class,PK-19075,Pete Kriz,Consumer,United States,Nashville,Tennessee,37211,South,TEC-AC-10004209,Technology,Accessories,Memorex Froggy Flash Drive 4 GB,35.168,4,0.2,8.3524
7131,CA-2020-166282,2020-04-16,2020-04-22,Standard Class,PK-19075,Pete Kriz,Consumer,United States,Nashville,Tennessee,37211,South,OFF-PA-10003022,Office Supplies,Paper,"Standard Line ""While You Were Out"" Hardbound Telephone Message Book",123.088,7,0.2,40.0036
7361,CA-2020-163594,2020-04-12,2020-04-14,First Class,JF-15295,Jason Fortune-,Consumer,United States,Los Angeles,California,90036,West,OFF-PA-10000809,Office Supplies,Paper,Xerox 206,19.44,3,0,9.3312
7362,CA-2020-163594,2020-04-12,2020-04-14,First Class,JF-15295,Jason Fortune-,Consumer,United States,Los Angeles,California,90036,West,FUR-CH-10000225,Furniture,Chairs,"Global Geo Office Task Chair, Gray",194.352,3,0.2,-36.441
7363,CA-2020-163594,2020-04-12,2020-04-14,First Class,JF-15295,Jason Fortune-,Consumer,United States,Los Angeles,California,90036,West,OFF-BI-10003707,Office Supplies,Binders,Aluminum Screw Posts,36.624,3,0.2,13.734
7474,CA-2020-109652,2020-04-10,2020-04-15,Standard Class,QJ-19255,Quincy Jones,Corporate,United States,Chicago,Illinois,60653,Central,OFF-AR-10000034,Office Supplies,Art,"BIC Brite Liner Grip Highlighters, Assorted, 5/Pack",13.568,4,0.2,3.2224
7775,CA-2020-152800,2020-04-13,2020-04-15,First Class,SP-20920,Susan Pistek,Consumer,United States,San Francisco,California,94109,West,OFF-EN-10001509,Office Supplies,Envelopes,Poly String Tie Envelopes,6.12,3,0,2.8764
7780,CA-2020-139381,2020-04-18,2020-04-22,Standard Class,RF-19840,Roy Französisch,Consumer,United States,Chesapeake,Virginia,23320,South,OFF-AP-10001271,Office Supplies,Appliances,Eureka The Boss Cordless Rechargeable Stick Vac,203.92,4,0,55.0584
7781,CA-2020-139381,2020-04-18,2020-04-22,Standard Class,RF-19840,Roy Französisch,Consumer,United States,Chesapeake,Virginia,23320,South,TEC-PH-10004924,Technology,Phones,"SKILCRAFT Telephone Shoulder Rest, 2"" x 6.5"" x 2.5"", Black",29.56,4,0,7.9812
7913,CA-2020-167605,2020-04-28,2020-04-30,Second Class,RB-19570,Rob Beeghly,Consumer,United States,Saint Charles,Illinois,60174,Central,FUR-FU-10001602,Furniture,Furnishings,"Eldon Delta Triangular Chair Mat, 52"" x 58"", Clear",30.344,2,0.6,-31.8612
7986,CA-2020-151498,2020-04-21,2020-04-24,First Class,DN-13690,Duane Noonan,Consumer,United States,Seattle,Washington,98115,West,OFF-BI-10004967,Office Supplies,Binders,Round Ring Binders,8.32,5,0.2,2.808
8228,CA-2020-123050,2020-04-04,2020-04-08,Second Class,BC-11125,Becky Castell,Home Office,United States,Troy,New York,12180,East,FUR-FU-10000723,Furniture,Furnishings,"Deflect-o EconoMat Studded, No Bevel Mat for Low Pile Carpeting",82.64,2,0,7.4376
8229,CA-2020-123050,2020-04-04,2020-04-08,Second Class,BC-11125,Becky Castell,Home Office,United States,Troy,New York,12180,East,OFF-ST-10003455,Office Supplies,Storage,"Tenex File Box, Personal Filing Tote with Lid, Black",31.02,2,0,8.0652
8230,CA-2020-123050,2020-04-04,2020-04-08,Second Class,BC-11125,Becky Castell,Home Office,United States,Troy,New York,12180,East,TEC-AC-10001109,Technology,Accessories,Logitech Trackman Marble Mouse,89.97,3,0,37.7874
8453,CA-2020-125087,2020-04-18,2020-04-23,Standard Class,TH-21115,Thea Hudgings,Corporate,United States,Houston,Texas,77070,Central,FUR-CH-10002880,Furniture,Chairs,"Global High-Back Leather Tilter, Burgundy",344.372,4,0.3,-93.4724
8454,CA-2020-125087,2020-04-18,2020-04-23,Standard Class,TH-21115,Thea Hudgings,Corporate,United States,Houston,Texas,77070,Central,OFF-ST-10001780,Office Supplies,Storage,Tennsco 16-Compartment Lockers with Coat Rack,1554.936,3,0.2,77.7468
8455,CA-2020-125087,2020-04-18,2020-04-23,Standard Class,TH-21115,Thea Hudgings,Corporate,United States,Houston,Texas,77070,Central,FUR-FU-10004748,Furniture,Furnishings,"Howard Miller 16"" Diameter Gallery Wall Clock",127.88,5,0.6,-67.137
8517,CA-2020-132899,2020-04-07,2020-04-11,Standard Class,SF-20200,Sarah Foster,Consumer,United States,New York City,New York,10009,East,OFF-AR-10002833,Office Supplies,Art,Newell 322,3.64,2,0,0.9828
8523,US-2020-160206,2020-04-01,2020-04-07,Standard Class,MY-18295,Muhammed Yedwab,Corporate,United States,Milwaukee,Wisconsin,53209,Central,TEC-PH-10000148,Technology,Phones,Cyber Acoustics AC-202b Speech Recognition Stereo Headset,12.99,1,0,0.2598
8563,CA-2020-123540,2020-04-02,2020-04-06,Second Class,DJ-13420,Denny Joy,Corporate,United States,Milwaukee,Wisconsin,53209,Central,FUR-CH-10000847,Furniture,Chairs,"Global Executive Mid-Back Manager's Chair",1454.9,5,0,378.274
8572,CA-2020-162222,2020-04-03,2020-04-03,Same Day,SR-20740,Steven Roelle,Home Office,United States,Dallas,Texas,75081,Central,OFF-PA-10003893,Office Supplies,Paper,Xerox 1962,10.272,3,0.2,3.21
8799,US-2020-150140,2020-04-06,2020-04-10,Standard Class,VM-21685,Valerie Mitchum,Home Office,United States,Burlington,Vermont,,East,TEC-PH-10002555,Technology,Phones,Nortel Meridian M5316 Digital phone,1294.75,5,0,336.635
9135,CA-2020-124254,2020-04-12,2020-04-17,Standard Class,TB-21175,Thomas Boland,Corporate,United States,Wilson,North Carolina,27893,South,OFF-ST-10001469,Office Supplies,Storage,Fellowes Bankers Box Recycled Super Stor/Drawer,129.552,3,0.2,-22.6716
9136,CA-2020-124254,2020-04-12,2020-04-17,Standard Class,TB-21175,Thomas Boland,Corporate,United States,Wilson,North Carolina,27893,South,OFF-ST-10000060,Office Supplies,Storage,Fellowes Bankers Box Staxonsteel Drawer File/Stacking System,51.984,1,0.2,-5.1984
9137,CA-2020-124254,2020-04-12,2020-04-17,Standard Class,TB-21175,Thomas Boland,Corporate,United States,Wilson,North Carolina,27893,South,OFF-PA-10000807,Office Supplies,Paper,"TOPS ""Important Message"" Pads, Canary, 4-1/4 x 5-1/2, 50 Sheets per Pad",10.272,3,0.2,3.4668
9206,CA-2020-146423,2020-04-21,2020-04-21,Same Day,BT-11680,Brian Thompson,Consumer,United States,Milford,Connecticut,6460,East,OFF-AR-10004817,Office Supplies,Art,Colorific Watercolor Pencils,15.48,3,0,4.4892
9207,CA-2020-146423,2020-04-21,2020-04-21,Same Day,BT-11680,Brian Thompson,Consumer,United States,Milford,Connecticut,6460,East,OFF-PA-10003797,Office Supplies,Paper,Xerox 209,51.84,8,0,24.8832
9316,CA-2020-161907,2020-04-05,2020-04-09,Standard Class,JH-16180,Justin Hirsh,Consumer,United States,Philadelphia,Pennsylvania,19140,East,TEC-PH-10000141,Technology,Phones,Clearsounds A400,118.782,3,0.4,-27.7158
9317,CA-2020-161907,2020-04-05,2020-04-09,Standard Class,JH-16180,Justin Hirsh,Consumer,United States,Philadelphia,Pennsylvania,19140,East,OFF-SU-10000646,Office Supplies,Supplies,Premier Automatic Letter Opener,769.184,4,0.2,-163.4516
9369,CA-2020-154998,2020-04-07,2020-04-09,First Class,ES-14080,Erin Smith,Corporate,United States,Lakewood,New Jersey,8701,East,OFF-PA-10004243,Office Supplies,Paper,Xerox 1939,37.94,2,0,18.2112
9503,CA-2020-101329,2020-04-22,2020-04-29,Standard Class,MM-17920,Michael Moore,Consumer,United States,Rome,New York,13440,East,OFF-AR-10000614,Office Supplies,Art,Barrel Sharpener,32.13,9,0,8.3538
9504,CA-2020-101329,2020-04-22,2020-04-29,Standard Class,MM-17920,Michael Moore,Consumer,United States,Rome,New York,13440,East,OFF-AR-10003190,Office Supplies,Art,Newell 32,2.88,1,0,0.8064
9668,CA-2020-126270,2020-04-23,2020-04-27,Standard Class,AF-10870,Art Ferguson,Consumer,United States,San Clemente,California,92672,West,OFF-BI-10002764,Office Supplies,Binders,Recycled Pressboard Report Cover with Reinforced Top Hinge,18.088,7,0.2,6.5569
9669,CA-2020-126270,2020-04-23,2020-04-27,Standard Class,AF-10870,Art Ferguson,Consumer,United States,San Clemente,California,92672,West,OFF-EN-10004386,Office Supplies,Envelopes,"Recycled Interoffice Envelopes with String and Button Closure, 10 x 13",71.97,3,0,35.985
9678,CA-2020-144785,2020-04-18,2020-04-23,Standard Class,CS-12490,Cindy Schnelling,Corporate,United States,New York City,New York,10009,East,OFF-AR-10001573,Office Supplies,Art,American Pencil,6.99,3,0,2.0271
9679,CA-2020-144785,2020-04-18,2020-04-23,Standard Class,CS-12490,Cindy Schnelling,Corporate,United States,New York City,New York,10009,East,OFF-SU-10004290,Office Supplies,Supplies,"Acme Design Line 8"" Stainless Steel Bent Scissors w/Champagne Handles, 3-1/8"" Cut",6.84,1,0,1.8468
9935,CA-2020-114405,2020-04-07,2020-04-12,Standard Class,AS-10240,Alan Shonely,Consumer,United States,Philadelphia,Pennsylvania,19120,East,OFF-AP-10003278,Office Supplies,Appliances,Belkin 7-Outlet SurgeMaster Home Series,33.528,3,0.2,2.5146
9936,CA-2020-114405,2020-04-07,2020-04-12,Standard Class,AS-10240,Alan Shonely,Consumer,United States,Philadelphia,Pennsylvania,19120,East,OFF-ST-10001627,Office Supplies,Storage,Eldon Jumbo ProFile Portable File Boxes Graphite/Black,36.744,3,0.2,3.6744
